﻿{
  "common": {
    "httpPort": 8291,
    "websocketPort": 0
  },
  "request": [
     {
      "command": "8connect",
      "url": "/request/120",
      "param": "PORT=COM3",
      "target": "dot-middleware-dotcell-1.4.0/dot.middleware.dotcell/Device8/Connect",
      "callbackUrl": "/callback/120",
      "useYn": "Y",
      "initYn": "Y",
      "websocketYn": "N",
      "description": "닷셀 8 기기 연결"
    },
    {
      "command": "8print",
      "url": "/request/121",
      "param": "",
      "target": "dot-middleware-dotcell-1.4.0/dot.middleware.dotcell/Device8/PrintBraille",
      "callbackUrl": "/callback/121",
      "useYn": "Y",
      "initYn": "N",
      "websocketYn": "N",
      "description": "닷셀 8 기기에 점역 출력"
    },
    {
      "command": "8init",
      "url": "/request/122",
      "param": "",
      "target": "dot-middleware-dotcell-1.4.0/dot.middleware.dotcell/Device8/Init",
      "callbackUrl": "/callback/122",
      "useYn": "Y",
      "initYn": "N",
      "websocketYn": "N",
      "description": "닷셀 8 기기 초기화"
    }
  ]
}